index,frame,x,y,z,qx,qy,qz,qw
131,map,0.039172057062387466,-2.367241621017456,0.0,0.0,0.0,0.519554313229289,0.85443742638349
130,map,0.050000023841857866,-2.3499999925494195,0.0,0.0,0.0,0.0,1.0
129,map,0.10000002458691593,-2.3499999925494195,0.0,0.0,0.0,0.0,1.0
128,map,0.15000002533197399,-2.2999999918043614,0.0,0.0,0.0,0.0,1.0
127,map,0.1739803571102072,-2.2929326928098903,0.0,0.0,0.0,0.0,1.0
126,map,0.19355986332237474,-2.2773879919556976,0.0,0.0,0.0,0.0,1.0
125,map,0.20961382626911695,-2.258223572495931,0.0,0.0,0.0,0.0,1.0
124,map,0.22623465323797798,-2.2395487694375036,0.0,0.0,0.0,0.0,1.0
123,map,0.24271719742889952,-2.220751896064757,0.0,0.0,0.0,0.0,1.0
122,map,0.2585012705400771,-2.201364650597642,0.0,0.0,0.0,0.0,1.0
121,map,0.27361586427116147,-2.181451072267459,0.0,0.0,0.0,0.0,1.0
120,map,0.28767035361633186,-2.160775746565696,0.0,0.0,0.0,0.0,1.0
119,map,0.3009557999812926,-2.1395979775428473,0.0,0.0,0.0,0.0,1.0
118,map,0.31348917876912874,-2.11796673637579,0.0,0.0,0.0,0.0,1.0
117,map,0.32367384841552105,-2.095135248379935,0.0,0.0,0.0,0.0,1.0
116,map,0.3316528600700621,-2.0714427831983984,0.0,0.0,0.0,0.0,1.0
115,map,0.3376440329498649,-2.0471712946470277,0.0,0.0,0.0,0.0,1.0
114,map,0.342281941954522,-2.0226052160949295,0.0,0.0,0.0,0.0,1.0
113,map,0.345992498040087,-1.9978821627480117,0.0,0.0,0.0,0.0,1.0
112,map,0.34911177604066945,-1.973077474878393,0.0,0.0,0.0,0.0,1.0
111,map,0.3528353020971309,-1.9483563288801364,0.0,0.0,0.0,0.0,1.0
110,map,0.35585635164165974,-1.923539529346519,0.0,0.0,0.0,0.0,1.0
109,map,0.34677203143793345,-1.9002484180070227,0.0,0.0,0.0,0.0,1.0
108,map,0.33100245417658125,-1.880849442345641,0.0,0.0,0.0,0.0,1.0
107,map,0.31612780490708015,-1.86075619177157,0.0,0.0,0.0,0.0,1.0
106,map,0.3011484421960773,-1.8407406656554444,0.0,0.0,0.0,0.0,1.0
105,map,0.28610327595626184,-1.8207746352370777,0.0,0.0,0.0,0.0,1.0
104,map,0.2811142240630715,-1.796277507339083,0.0,0.0,0.0,0.0,1.0
103,map,0.2647009166285528,-1.7774200279626258,0.0,0.0,0.0,0.0,1.0
102,map,0.2468630104789582,-1.7599040822670475,0.0,0.0,0.0,0.0,1.0
101,map,0.23200934204473067,-1.7397951914339544,0.0,0.0,0.0,0.0,1.0
100,map,0.2137258792478718,-1.7227448295465835,0.0,0.0,0.0,0.0,1.0
99,map,0.1951360962560187,-1.70602892124696,0.0,0.0,0.0,0.0,1.0
98,map,0.17671225259769296,-1.6891303843130232,0.0,0.0,0.0,0.0,1.0
97,map,0.15697138468878502,-1.6737909141747793,0.0,0.0,0.0,0.0,1.0
96,map,0.1367796195563613,-1.6590499700464307,0.0,0.0,0.0,0.0,1.0
95,map,0.11621286967713895,-1.644837170762378,0.0,0.0,0.0,0.0,1.0
94,map,0.09545996256858014,-1.6308973130717477,0.0,0.0,0.0,0.0,1.0
93,map,0.07551481761805401,-1.6158243949089113,0.0,0.0,0.0,0.0,1.0
92,map,0.05644495496816826,-1.5996583752283215,0.0,0.0,0.0,0.0,1.0
91,map,0.038337731187607416,-1.5824209978047166,0.0,0.0,0.0,0.0,1.0
90,map,0.020170044454485447,-1.5652473258263968,0.0,0.0,0.0,0.0,1.0
89,map,0.0018165819617592671,-1.5482723042111446,0.0,0.0,0.0,0.0,1.0
88,map,-0.016709972421973918,-1.5314864915830868,0.0,0.0,0.0,0.0,1.0
87,map,-0.03492400772756388,-1.5143619338327938,0.0,0.0,0.0,0.0,1.0
86,map,-0.052870823485714924,-1.4969575680338978,0.0,0.0,0.0,0.0,1.0
85,map,-0.070558049091072,-1.479289415915153,0.0,0.0,0.0,0.0,1.0
84,map,-0.08827636447960718,-1.4616525443144526,0.0,0.0,0.0,0.0,1.0
83,map,-0.10603978866398056,-1.4440610676118895,0.0,0.0,0.0,0.0,1.0
82,map,-0.12389581462585686,-1.4265635278308921,0.0,0.0,0.0,0.0,1.0
81,map,-0.14205692100609757,-1.4093828940299589,0.0,0.0,0.0,0.0,1.0
80,map,-0.16054008320778768,-1.392549206950504,0.0,0.0,0.0,0.0,1.0
79,map,-0.1791044030950133,-1.3758050698906943,0.0,0.0,0.0,0.0,1.0
78,map,-0.19741418730339721,-1.3587829367635096,0.0,0.0,0.0,0.0,1.0
77,map,-0.2154182235213853,-1.3414377941405449,0.0,0.0,0.0,0.0,1.0
76,map,-0.23339660589987976,-1.324066044003756,0.0,0.0,0.0,0.0,1.0
75,map,-0.2520400807565466,-1.3074101218195282,0.0,0.0,0.0,0.0,1.0
74,map,-0.27121408464333574,-1.2913677936996195,0.0,0.0,0.0,0.0,1.0
73,map,-0.2905848315445312,-1.2755635026926329,0.0,0.0,0.0,0.0,1.0
72,map,-0.3096838766289338,-1.2594320060228115,0.0,0.0,0.0,0.0,1.0
71,map,-0.32749975290149114,-1.2418935536130307,0.0,0.0,0.0,0.0,1.0
70,map,-0.34533975713461307,-1.2243797060009798,0.0,0.0,0.0,0.0,1.0
69,map,-0.36321075578348005,-1.2068975203767054,0.0,0.0,0.0,0.0,1.0
68,map,-0.37643335501005315,-1.1856805553388683,0.0,0.0,0.0,0.0,1.0
67,map,-0.3886994188830173,-1.1638965355440463,0.0,0.0,0.0,0.0,1.0
66,map,-0.3995764560934376,-1.1413867695836246,0.0,0.0,0.0,0.0,1.0
65,map,-0.4098683187345913,-1.118603489825182,0.0,0.0,0.0,0.0,1.0
64,map,-0.4170949767097085,-1.0946706510286135,0.0,0.0,0.0,0.0,1.0
63,map,-0.4237227272051982,-1.0705651971782033,0.0,0.0,0.0,0.0,1.0
62,map,-0.43049104929702087,-1.0464988439753484,0.0,0.0,0.0,0.0,1.0
61,map,-0.43752659093628243,-1.0225093569235413,0.0,0.0,0.0,0.0,1.0
60,map,-0.4441225840765626,-0.9983951292692894,0.0,0.0,0.0,0.0,1.0
59,map,-0.4502560451664934,-0.9741592127704508,0.0,0.0,0.0,0.0,1.0
58,map,-0.4533246830601201,-0.9493482306502501,0.0,0.0,0.0,0.0,1.0
57,map,-0.4561013058737118,-0.9245029162541472,0.0,0.0,0.0,0.0,1.0
56,map,-0.45869148535566784,-0.8996373839622351,0.0,0.0,0.0,0.0,1.0
55,map,-0.4610430555201035,-0.8747483912817899,0.0,0.0,0.0,0.0,1.0
54,map,-0.46367681791896875,-0.8498874366266649,0.0,0.0,0.0,0.0,1.0
53,map,-0.4665471869192601,-0.8250528033830649,0.0,0.0,0.0,0.0,1.0
52,map,-0.470501692898597,-0.8003675155396395,0.0,0.0,0.0,0.0,1.0
51,map,-0.47540968247368487,-0.7758540798105913,0.0,0.0,0.0,0.0,1.0
50,map,-0.47845581365310896,-0.7510402366673987,0.0,0.0,0.0,0.0,1.0
49,map,-0.47992456748969237,-0.7260835331094797,0.0,0.0,0.0,0.0,1.0
48,map,-0.48396356901472193,-0.7014119781764152,0.0,0.0,0.0,0.0,1.0
47,map,-0.4903228601861429,-0.6772342358117442,0.0,0.0,0.0,0.0,1.0
46,map,-0.49610565522470584,-0.652912297888284,0.0,0.0,0.0,0.0,1.0
45,map,-0.5013963543086704,-0.6284783985984093,0.0,0.0,0.0,0.0,1.0
44,map,-0.48764103260101455,-0.6076028489709331,0.0,0.0,0.0,0.0,1.0
43,map,-0.47883737875278887,-0.5842042585343763,0.0,0.0,0.0,0.0,1.0
42,map,-0.474924643709133,-0.5595122949706366,0.0,0.0,0.0,0.0,1.0
41,map,-0.473538382702148,-0.5345508230410645,0.0,0.0,0.0,0.0,1.0
40,map,-0.47233293834824797,-0.5095798143681862,0.0,0.0,0.0,0.0,1.0
39,map,-0.4707751113291849,-0.48462845138651867,0.0,0.0,0.0,0.0,1.0
38,map,-0.468347437953166,-0.45974651589612003,0.0,0.0,0.0,0.0,1.0
37,map,-0.46535681061978384,-0.43492599703261314,0.0,0.0,0.0,0.0,1.0
36,map,-0.4565311268945209,-0.4115357989301658,0.0,0.0,0.0,0.0,1.0
35,map,-0.4420178248288906,-0.3911798110780098,0.0,0.0,0.0,0.0,1.0
34,map,-0.4278281044636387,-0.3705970394700331,0.0,0.0,0.0,0.0,1.0
33,map,-0.422251207713056,-0.3462270363603097,0.0,0.0,0.0,0.0,1.0
32,map,-0.42220924604250887,-0.3212270359877807,0.0,0.0,0.0,0.0,1.0
31,map,-0.4159405539324965,-0.2970256424997104,0.0,0.0,0.0,0.0,1.0
30,map,-0.41057079524652385,-0.27260910008265293,0.0,0.0,0.0,0.0,1.0
29,map,-0.3928541011043507,-0.25497051186815733,0.0,0.0,0.0,0.0,1.0
28,map,-0.37339294587661276,-0.23927780075785288,0.0,0.0,0.0,0.0,1.0
27,map,-0.36123417036584304,-0.21743369948020197,0.0,0.0,0.0,0.0,1.0
26,map,-0.3522826969963717,-0.1940913758291516,0.0,0.0,0.0,0.0,1.0
25,map,-0.3420394717460795,-0.17128616156110477,0.0,0.0,0.0,0.0,1.0
24,map,-0.3286782082718347,-0.15015617162221995,0.0,0.0,0.0,0.0,1.0
23,map,-0.3137138182478225,-0.130129392148993,0.0,0.0,0.0,0.0,1.0
22,map,-0.29197891268102727,-0.11777644854450964,0.0,0.0,0.0,0.0,1.0
21,map,-0.2674067306132131,-0.11317134593682576,0.0,0.0,0.0,0.0,1.0
20,map,-0.24242198902997392,-0.11229854318944499,0.0,0.0,0.0,0.0,1.0
19,map,-0.2174219886574449,-0.11227699014957304,0.0,0.0,0.0,0.0,1.0
18,map,-0.1924231326941126,-0.11251903269468366,0.0,0.0,0.0,0.0,1.0
17,map,-0.16742570724227623,-0.1128793308567908,0.0,0.0,0.0,0.0,1.0
16,map,-0.1424306659762664,-0.11337829326656967,0.0,0.0,0.0,0.0,1.0
15,map,-0.11744535218842889,-0.11423373914113322,0.0,0.0,0.0,0.0,1.0
14,map,-0.09250390741979975,-0.11594405868566193,0.0,0.0,0.0,0.0,1.0
13,map,-0.06770284351263745,-0.11909118397669838,0.0,0.0,0.0,0.0,1.0
12,map,-0.0436999096527686,-0.1260812353503895,0.0,0.0,0.0,0.0,1.0
11,map,-0.020758033853144342,-0.13601451644323115,0.0,0.0,0.0,0.0,1.0
10,map,0.002205299618918799,-0.1458982064708807,0.0,0.0,0.0,0.0,1.0
9,map,0.025192379581814306,-0.15572639265248833,0.0,0.0,0.0,0.0,1.0
8,map,0.04818470475352821,-0.16554237180266407,0.0,0.0,0.0,0.0,1.0
7,map,0.07119467290035852,-0.1753167707520249,0.0,0.0,0.0,0.0,1.0
6,map,0.09416372841840537,-0.18518730007391193,0.0,0.0,0.0,0.0,1.0
5,map,0.11710188488814022,-0.19512916423572912,0.0,0.0,0.0,0.0,1.0
4,map,0.13993475571177494,-0.2053104006545312,0.0,0.0,0.0,0.0,1.0
3,map,0.16489126853482783,-0.20383754601832615,0.0,0.0,0.0,0.0,1.0
2,map,0.1898639938215012,-0.20266834128898958,0.0,0.0,0.0,0.0,1.0
1,map,0.21484797246527587,-0.20177207815307563,0.0,0.0,0.0,0.0,1.0
0,map,0.2500000268220901,-0.19999996051192293,0.0,0.0,0.0,0.0,1.0
