episode,status,reason,steps,goal_dist,cross_track_error,min_clearance,min_dynamic_distance,nearest_path_index,progress_ratio
1,off_path,cte_1.25,230,3.3372517130792736,1.2516908544489278,0.11999999731779099,2.464392385459132,53,0.29375186208607906
2,collision,stuck_blocked,289,1.7471813452713532,0.7684836994616666,0.11999999731779099,0.9919823611662331,116,0.6423593982276102
3,collision,stuck_blocked,167,3.9235730903283454,0.9928821553473687,0.11999999731779099,1.2188147097228954,29,0.16094899925983838
4,off_path,cte_1.26,324,2.65175455028552,1.263922027423073,0.11999999731779099,0.9555960931636089,99,0.5482906716907741
5,collision,stuck_blocked,168,3.7435890879553746,0.7992487292028071,0.11999999731779099,1.0535309716236407,36,0.19968318341382718
6,collision,dynamic_dist_0.36,116,3.3417792612740764,0.38835280349202894,0.14197184145450592,0.35719751914682285,44,0.24395080276215284
7,off_path,cte_1.26,196,2.934355901619893,1.255853538196508,0.13460513949394226,1.5084047646505598,95,0.5261568680501088
8,collision,dynamic_dist_0.36,550,3.0380110502839175,1.1713246351543276,0.11999999731779099,0.3593829345871975,90,0.4984896215682283
9,collision,stuck_blocked,216,4.03155477128381,1.0781400167758741,0.11999999731779099,1.408881957733041,27,0.14988210687759618
10,collision,stuck_blocked,146,3.7550109336996393,0.7627027836049517,0.11999999731779099,0.5774417218203708,30,0.16648247652466444
11,off_path,cte_1.26,216,3.8603729349849814,1.2646235601962719,0.11999999731779099,0.8524748488340362,45,0.24948424177810863
12,collision,dynamic_dist_0.35,94,3.1290465614049987,0.14908507934166404,0.13651302456855774,0.3539984755052901,45,0.24948424177810863
13,off_path,cte_1.25,243,2.6989265415612294,1.2531241192233245,0.13691122829914093,0.44178397419185167,57,0.3158856857200895
14,collision,stuck_blocked,132,3.615895859945055,0.7046709345462738,0.11999999731779099,1.643888431561803,43,0.23841735417368812
15,collision,dynamic_dist_0.34,120,3.0687081790216717,0.7414252233196242,0.13308192789554596,0.3408572000353105,32,0.17754936344232986
16,collision,stuck_blocked,188,3.8816666158763606,0.9538640861401221,0.11999999731779099,0.8947674803261152,30,0.16648247652466444
17,off_path,cte_1.25,170,3.0686641784848554,1.253491440919918,0.14119984209537506,2.588266194496324,92,0.5095565333229197
18,collision,stuck_blocked,248,1.7938199239380124,0.4382109882222116,0.11999999731779099,0.8897141820833351,93,0.5150899627816493
19,collision,dynamic_dist_0.35,59,3.5181966671059515,0.1038966489565044,0.13658089935779572,0.351016920535795,25,0.13881520724591048
20,collision,stuck_blocked,163,4.029143247743897,1.089376269268253,0.11999999731779099,0.8186706944758628,27,0.14988210687759618
21,collision,dynamic_dist_0.35,92,2.901493651125551,0.4690902794422929,0.13757143914699554,0.3459186168303534,39,0.21628353335819409
22,collision,dynamic_dist_0.35,56,3.4648943642602528,0.05858473171534214,0.14289261400699615,0.3534648218240422,24,0.1332817700309217
23,collision,dynamic_dist_0.34,155,2.9666529288482413,1.0134438321167292,0.13260295987129211,0.33563038359069713,85,0.47082233678114727
24,collision,stuck_blocked,240,4.536113936453058,0.7338347510735982,0.11999999731779099,1.1517414005096447,7,0.03921309548404214
25,off_path,cte_1.27,214,3.0596304452686662,1.265267381590334,0.13955330848693848,1.0504655682723854,93,0.5150899627816493
26,collision,stuck_blocked,389,1.0046396043260009,0.8196176746145318,0.11999999731779099,1.4659986336827906,147,0.8138963758832394
27,off_path,cte_1.27,407,2.8851904530918286,1.2741140099513226,0.13686080276966095,0.6782089194232854,103,0.5704244897781042
28,collision,stuck_blocked,166,3.507102153843067,0.7078115437654781,0.11999999731779099,0.5563534725473681,45,0.24948424177810863
29,off_path,cte_1.27,147,4.435093940841167,1.2693814630740747,0.13677893579006195,1.1172721052518575,17,0.09454759843608003
30,collision,stuck_blocked,266,3.7379940238652654,0.9783604670330522,0.11999999731779099,0.9149760488123939,34,0.18861627910193005
31,collision,stuck_blocked,149,3.982804694953252,0.9626206131231662,0.11999999731779099,3.507625840405476,26,0.14434867926311765
32,collision,stuck_blocked,138,3.6724309308355463,0.7350424067867714,0.11999999731779099,3.433212984369726,42,0.23288391895726931
33,off_path,cte_1.26,227,2.9642669037054037,1.2648508959732099,0.1222347542643547,0.7883355076386713,55,0.30481876975254646
34,off_path,cte_1.26,160,3.085679837225077,1.2626098776072314,0.13471849262714386,1.8992043167469645,92,0.5095565333229197
35,collision,stuck_blocked,152,3.9326115638699544,0.9826173099780025,0.11999999731779099,0.8036427536175852,28,0.1554155912061265
36,collision,dynamic_dist_0.35,115,2.8307743375723433,0.4002582433545113,0.13645270466804504,0.35041634927682225,63,0.3490863841664326
37,off_path,cte_1.25,298,1.7641912643878856,1.2509974135031234,0.130706325173378,0.6603395640565449,142,0.7862291352166376
38,off_path,cte_1.25,280,2.525009555715031,1.2542372971445177,0.11999999731779099,1.7975694305960166,59,0.326952597912491
39,off_path,cte_1.25,342,1.6609836493911039,1.2520101668993273,0.11999999731779099,2.0288454217780556,142,0.7862291352166376
40,success,goal_reached,302,0.29898784035092335,0.12383397675102562,0.1342356950044632,2.0896804082926805,170,0.9411657697444598
41,collision,stuck_blocked,163,4.08499788028058,1.1201631734023794,0.11999999731779099,0.852894693531927,26,0.14434867926311765
42,collision,stuck_blocked,207,1.9052859731290839,0.4310384650822158,0.11999999731779099,0.6839254331415947,85,0.47082233678114727
43,collision,dynamic_dist_0.35,78,3.367754920205689,0.05018318837533537,0.1334594488143921,0.34947041908255533,31,0.17201593876262222
44,off_path,cte_1.26,310,3.394749765142255,1.2565540030219209,0.13979503512382507,0.6734878391932861,76,0.42102127744824946
45,off_path,cte_1.25,422,3.531991393116661,1.25438833092235,0.1353980004787445,3.036033779208767,80,0.4431550749069581
46,off_path,cte_1.25,362,4.5082521930940365,1.2538239527970105,0.11999999731779099,1.5341488902928966,35,0.1941497457079327
47,collision,dynamic_dist_0.36,89,3.469000372304893,0.48759270807413135,0.12896829843521118,0.3591549244948258,42,0.23288391895726931
48,off_path,cte_1.26,218,3.5473400047874217,1.2589517148524398,0.13566863536834717,0.516992208794714,50,0.2771515408148179
49,collision,stuck_blocked,175,2.461259256020444,0.5798757343985661,0.11999999731779099,0.7685791710093575,63,0.3490863841664326
50,collision,stuck_blocked,257,3.1913609471067343,1.2255022730172347,0.11999999731779099,0.6968316313662796,53,0.29375186208607906
51,collision,stuck_blocked,228,2.231145653275584,0.42355849619851865,0.11999999731779099,2.9139985940468036,73,0.4044209103523988
52,collision,stuck_blocked,119,3.6435116422951523,0.38003546333950555,0.11999999731779099,2.6214423372121702,26,0.14434867926311765
53,collision,stuck_blocked,274,3.776347384888368,0.6331873931835934,0.11999999731779099,1.3222554603200931,33,0.18308283141350432
54,off_path,cte_1.25,260,2.7717671616123583,1.2506065905918027,0.11999999731779099,0.48623801176918297,55,0.30481876975254646
55,collision,stuck_blocked,241,2.0784081693179277,0.7582300773278083,0.11999999731779099,0.7258209407024578,74,0.40995437687075315
56,collision,stuck_blocked,279,1.227940060611174,0.39605734019027033,0.11999999731779099,0.452241260607703,126,0.6976938915447127
57,collision,stuck_blocked,178,3.9242700820817467,0.9762047926210082,0.11999999731779099,2.3932665031694427,28,0.1554155912061265
58,off_path,cte_1.25,353,3.7414849780974753,1.253013867946938,0.11999999731779099,0.37750018207151215,40,0.221817014237972
59,off_path,cte_1.25,230,2.246011474323324,1.2527232437002773,0.11999999731779099,0.7069805326904097,69,0.3822871116545959
60,collision,stuck_blocked,320,1.436067553895163,0.5404673106482509,0.11999999731779099,1.5157037494510157,121,0.6700266322243261
61,collision,dynamic_dist_0.36,639,2.6072739801136318,0.6314516558417027,0.1322014480829239,0.35782975402562156,89,0.4929561732496746
62,collision,stuck_blocked,162,3.855041717854608,0.9102071830303909,0.11999999731779099,1.1578399055962514,30,0.16648247652466444
63,off_path,cte_1.25,141,4.598180932440933,1.2501452807512436,0.12345033884048462,0.9434266184684921,17,0.09454759843608003
64,collision,stuck_blocked,281,2.5281330641107616,0.391769477232633,0.11999999731779099,1.1832971862069581,62,0.34355297382816374
65,collision,dynamic_dist_0.33,126,3.0436806674097445,0.23481798090532285,0.1297878623008728,0.3270741224630685,50,0.2771515408148179
66,collision,dynamic_dist_0.35,78,3.455879594905775,0.05744042705071006,0.1371667981147766,0.35051511490411424,25,0.13881520724591048
67,off_path,cte_1.25,156,4.927528060345144,1.2508955199098004,0.11999999731779099,0.8908227885305436,0,0.0
68,collision,stuck_blocked,146,3.740271734098716,0.790589364153226,0.11999999731779099,1.016215994274825,36,0.19968318341382718
69,collision,stuck_blocked,260,3.6063032661225822,0.6747182984303125,0.11999999731779099,0.8431763013562502,42,0.23288391895726931
70,off_path,cte_1.26,166,3.795796442947116,1.255977805935124,0.11999999731779099,1.1446642796193736,48,0.26608463821180883
71,collision,stuck_blocked,143,4.366793944236452,0.5752918031754536,0.11999999731779099,1.4019265324867736,7,0.03921309548404214
72,collision,stuck_blocked,466,1.750714034770654,0.6799152860530165,0.11999999731779099,2.464574567978103,114,0.6312924537535604
73,collision,dynamic_dist_0.36,97,3.1129572083974013,0.08118374254311714,0.13779526948928833,0.35624629944532665,45,0.24948424177810863
74,collision,stuck_blocked,314,3.8315662776133177,1.0885608541184884,0.11999999731779099,0.5555831884699967,44,0.24395080276215284
75,collision,dynamic_dist_0.36,52,3.498037370901216,0.09696845106000544,0.13621340692043304,0.3567070889521969,26,0.14434867926311765
76,collision,dynamic_dist_0.36,90,3.0391479301365276,0.588004156543829,0.13338258862495422,0.359662832801009,33,0.18308283141350432
77,collision,stuck_blocked,138,3.5672610457184386,0.706640140947862,0.11999999731779099,0.9846665772807246,44,0.24395080276215284
78,collision,stuck_blocked,341,1.5760485117081238,0.5440182994078158,0.11999999731779099,1.468043389137089,118,0.6534262841691006
79,collision,stuck_blocked,212,3.2799275770659597,1.231280923828495,0.11999999731779099,2.0779798814057258,53,0.29375186208607906
80,collision,stuck_blocked,126,3.7335222561213297,0.7957911140657223,0.11999999731779099,2.1864266913551123,36,0.19968318341382718
81,collision,stuck_blocked,175,1.950290045164058,0.41710555587262244,0.11999999731779099,1.1078224257901446,84,0.46528889096394155
82,collision,dynamic_dist_0.34,263,2.3770476383758257,0.23765095578784046,0.11999999731779099,0.34303113850034933,83,0.45975545388696837
83,collision,stuck_blocked,239,2.353040619609052,0.7306832409609174,0.11999999731779099,0.48440526409297185,66,0.36568677681590156
84,collision,stuck_blocked,277,3.787918313159311,0.8662408213211935,0.11999999731779099,1.7276393184703918,16,0.08901415804894669
85,collision,stuck_blocked,376,1.463418164425662,0.5478380908543953,0.11999999731779099,2.877972043455969,134,0.7419614981694519
86,collision,stuck_blocked,194,1.7150827773702644,0.37221831005741984,0.11999999731779099,1.7579448035372247,106,0.5870248470104521
87,collision,dynamic_dist_0.33,118,3.2265314268563956,0.5774125446085314,0.12950222194194794,0.32505450175868544,50,0.2771515408148179
88,collision,dynamic_dist_0.36,175,2.5842469891647544,0.27798267956376077,0.13404203951358795,0.35867668134395886,73,0.4044209103523988
89,collision,stuck_blocked,359,2.061299132389094,0.4384434262196793,0.11999999731779099,0.40758822817652846,79,0.4376216201846238
90,collision,stuck_blocked,116,3.6703856740055736,0.7046626770999431,0.11999999731779099,1.6248268042343263,36,0.19968318341382718
91,off_path,cte_1.25,135,4.536662505843993,1.2533193489887586,0.11999999731779099,2.974647331416118,17,0.09454759843608003
92,collision,stuck_blocked,118,3.6837580873288953,0.7130013165606883,0.11999999731779099,3.391886930796879,36,0.19968318341382718
93,collision,stuck_blocked,112,3.6762723558350507,0.713196647503479,0.11999999731779099,3.6339561754642093,36,0.19968318341382718
94,collision,stuck_blocked,157,3.726332686554861,0.755118929210229,0.11999999731779099,3.1404375125262676,35,0.1941497457079327
95,collision,stuck_blocked,166,2.349477840578636,0.7428560878313536,0.11999999731779099,1.0716934830655191,66,0.36568677681590156
96,collision,dynamic_dist_0.35,139,3.312047042259973,0.5829856179094178,0.11999999731779099,0.34676693753250665,49,0.2716180883443705
97,collision,stuck_blocked,171,3.554497658311271,0.6625704384597679,0.11999999731779099,0.3698010759240247,43,0.23841735417368812
98,collision,stuck_blocked,210,4.60132184848373,0.788466690473989,0.11999999731779099,1.2526254511666197,7,0.03921309548404214
99,collision,stuck_blocked,97,3.6309477229631733,0.7010353102728807,0.11999999731779099,0.4619200283658219,42,0.23288391895726931
100,collision,stuck_blocked,120,3.548130614777175,0.7074865434611596,0.11999999731779099,1.1289912328887657,44,0.24395080276215284
101,off_path,cte_1.27,213,4.925455692888478,1.2667132787781377,0.13238845765590668,2.687095038214518,13,0.07241379923643475
102,collision,stuck_blocked,233,3.587553077800143,0.8389108243679236,0.11999999731779099,3.253968956887383,45,0.24948424177810863
103,collision,stuck_blocked,141,4.02632972903386,1.092984631729036,0.11999999731779099,1.7813564595084763,27,0.14988210687759618
104,collision,stuck_blocked,323,1.8272616821420244,0.4409153691080719,0.11999999731779099,0.9697256520721697,89,0.4929561732496746
105,collision,dynamic_dist_0.36,49,3.4944962508331208,0.20217862327868602,0.14029058814048767,0.3578958984430392,28,0.1554155912061265
106,collision,stuck_blocked,129,3.552258217768508,0.6860064326089199,0.11999999731779099,0.7172345969634868,44,0.24395080276215284
107,off_path,cte_1.25,246,2.8645883336436784,1.2548290741620676,0.13396310806274414,1.151881519071676,55,0.30481876975254646
108,off_path,cte_1.26,342,3.333383307357921,1.2550153066257201,0.12165942788124084,1.1027667555450407,32,0.17754936344232986
109,off_path,cte_1.26,576,2.7407591407243497,1.2578202726069605,0.11999999731779099,0.5874556801574713,113,0.6257590124966231
110,collision,stuck_blocked,374,1.7363838203655761,0.4202403010395462,0.11999999731779099,0.5311125488570668,105,0.5814913765482868
111,collision,stuck_blocked,273,2.4165125742503797,0.6718195191108031,0.11999999731779099,0.8747020597633253,64,0.35461985897678766
112,collision,stuck_blocked,115,3.577980646151103,0.6974117084006398,0.11999999731779099,0.8159089021772926,43,0.23841735417368812
113,collision,stuck_blocked,312,3.6818809355897155,0.7049995346370855,0.11999999731779099,1.446382661515378,36,0.19968318341382718
114,collision,stuck_blocked,166,2.4513119316533096,0.5286927438404816,0.11999999731779099,1.055134516410834,64,0.35461985897678766
115,collision,stuck_blocked,498,2.1504832475450053,1.1845814114170279,0.11999999731779099,1.5253499683566933,111,0.614692095914586
116,collision,dynamic_dist_0.36,200,2.716954704224471,0.40413988982040344,0.1266394704580307,0.35863776961577276,69,0.3822871116545959
117,collision,stuck_blocked,362,2.4251482553706345,0.6727050875023303,0.11999999731779099,0.4029201162393046,63,0.3490863841664326
118,off_path,cte_1.25,214,4.185454567719175,1.2543713926698328,0.11999999731779099,1.2254148990242415,25,0.13881520724591048
119,collision,stuck_blocked,264,3.6276984353731963,0.7058523487971804,0.11999999731779099,0.9594406871958793,42,0.23288391895726931
120,collision,stuck_blocked,114,4.40776421375072,0.5526416827354437,0.11999999731779099,4.119116260023741,2,0.01154581191528916
121,collision,dynamic_dist_0.35,280,2.784101954205396,0.9434524670534005,0.14463281631469727,0.3480286948796566,55,0.30481876975254646
122,collision,stuck_blocked,146,3.686305888912348,0.7168426462521114,0.11999999731779099,0.5268350228943243,36,0.19968318341382718
123,collision,stuck_blocked,202,3.2086014283133575,1.2202197063084248,0.11999999731779099,0.6019015242174799,53,0.29375186208607906
124,off_path,cte_1.26,451,3.3333356383304515,1.2628326671993522,0.11999999731779099,0.4963955787011123,53,0.29375186208607906
125,collision,stuck_blocked,340,2.860999514222146,1.064245943825236,0.11999999731779099,1.8875778493693034,55,0.30481876975254646
126,timeout,max_steps,700,0.8781403557554254,0.4603341479361854,0.11999999731779099,1.9248490381687644,158,0.8747643601726794
127,off_path,cte_1.26,164,4.348282375885246,1.2593377872983038,0.13226008415222168,1.1866297368484235,20,0.11114794119452116
128,collision,dynamic_dist_0.34,69,3.318191690638627,0.3356116524943918,0.13761116564273834,0.34424672823134,43,0.23841735417368812
129,collision,stuck_blocked,249,2.404953108426748,0.4771949412611418,0.11999999731779099,0.49370448414041057,66,0.36568677681590156
130,timeout,max_steps,700,3.2747790550064324,0.35695390503128965,0.13452666997909546,2.2781383827593324,48,0.26608463821180883
131,timeout,max_steps,700,2.003289609468831,1.1409079976675096,0.11999999731779099,1.0115661094139885,135,0.7474949515330528
132,collision,stuck_blocked,503,3.6992698356544964,0.9364240863952029,0.11999999731779099,1.2702485672255486,44,0.24395080276215284
133,collision,stuck_blocked,209,3.54383097074692,0.7729509580924223,0.11999999731779099,2.9651137327715706,45,0.24948424177810863
134,collision,stuck_blocked,322,1.246618520148355,0.4312400294521504,0.11999999731779099,0.7596361497783672,125,0.6921604442544299
135,collision,dynamic_dist_0.36,481,3.346708920257634,0.218694503473007,0.14298489689826965,0.3593552119307601,36,0.19968318341382718
136,collision,stuck_blocked,332,3.6888464204914486,0.9418870041662182,0.11999999731779099,0.7617827003708745,44,0.24395080276215284
137,timeout,max_steps,700,1.6344540898533109,0.24521973603543054,0.11999999731779099,0.7995329107537855,113,0.6257590124966231
138,collision,stuck_blocked,368,2.0429290734165604,0.421390958640723,0.11999999731779099,0.584973569051624,80,0.4431550749069581
139,timeout,max_steps,700,2.095978922849716,0.15522087416598523,0.13545311987400055,0.36666423838489826,84,0.46528889096394155
140,timeout,max_steps,700,3.8541832698814713,0.546593686105482,0.11999999731779099,0.5340840956016116,32,0.17754936344232986
141,off_path,cte_1.27,172,2.8507720057654766,1.2704960781057375,0.12996196746826172,1.0420003915753686,55,0.30481876975254646
142,collision,dynamic_dist_0.35,185,3.104368170159751,0.6957084514101487,0.14042598009109497,0.34883804699684695,53,0.29375186208607906
143,collision,stuck_blocked,388,1.6517432269257588,0.36696012260645205,0.11999999731779099,0.9729138224003663,109,0.6036252005838341
144,timeout,max_steps,700,3.090336565621882,1.1221641862199945,0.11999999731779099,1.1199390579968476,82,0.45422200180431654
145,collision,dynamic_dist_0.35,620,3.113122387247372,0.5994904892053656,0.1371995508670807,0.3483621300970473,32,0.17754936344232986
146,collision,stuck_blocked,409,2.217367946709934,0.4573956138245461,0.11999999731779099,0.438127995276474,73,0.4044209103523988
147,collision,stuck_blocked,412,1.6158734734948703,0.32461080668548004,0.11999999731779099,1.6895165828520147,111,0.614692095914586
148,collision,dynamic_dist_0.36,558,3.4299911805553918,0.43566904436904386,0.11999999731779099,0.3576156662014926,42,0.23288391895726931
149,timeout,max_steps,700,1.8189025789489177,0.11074095967864371,0.12724633514881134,0.9856124893738416,104,0.5759579459396937
150,timeout,max_steps,700,2.8320111309290614,0.6278250084176636,0.14283303916454315,0.4195020664668091,81,0.44868852785522495
151,collision,dynamic_dist_0.34,161,3.3280624826463296,0.2302104406892583,0.14039969444274902,0.3435271580839768,37,0.20521664351778565
152,timeout,max_steps,700,2.844262578379968,0.15100423983492875,0.13627737760543823,0.9589476664318319,56,0.3103522478842719
153,collision,dynamic_dist_0.36,532,3.0768919334467286,0.2421342436386696,0.13868644833564758,0.3581793714958154,38,0.21075008395142072
154,collision,dynamic_dist_0.34,336,3.280792957566959,0.19508534634662986,0.136402428150177,0.3386806749932104,41,0.22735046651130075
155,timeout,max_steps,700,2.4015963483312617,0.7255807133568817,0.11999999731779099,0.9146104555960687,64,0.35461985897678766
156,collision,dynamic_dist_0.35,579,2.641521468241553,0.3080968867083692,0.12892772257328033,0.34590290769602766,70,0.38782057879297055
157,timeout,max_steps,700,3.215635946338432,1.129851942911303,0.11999999731779099,0.45641290762509507,53,0.29375186208607906
158,timeout,max_steps,700,2.2842279569133495,0.2778187290665137,0.11999999731779099,0.4282037599399529,91,0.5040230760871632
159,collision,dynamic_dist_0.35,113,3.501011877368254,0.41785455179537434,0.14354683458805084,0.34604452701048927,35,0.1941497457079327
160,collision,dynamic_dist_0.36,360,3.208568575209506,0.2419519043396388,0.13525283336639404,0.35746725447845584,45,0.24948424177810863
161,timeout,max_steps,700,1.9466427101496573,0.18683050397543788,0.13331440091133118,0.7523555594223609,91,0.5040230760871632
162,timeout,max_steps,700,2.0705015867176795,0.05913374522600874,0.13468074798583984,0.6472118771480623,89,0.4929561732496746
163,timeout,max_steps,700,2.5113520186748155,0.4418993307227968,0.140992671251297,0.5416008064991079,62,0.34355297382816374
164,collision,dynamic_dist_0.35,652,3.1020592603988923,0.21485194932787627,0.1329900473356247,0.34641152752790794,48,0.26608463821180883
165,collision,dynamic_dist_0.34,47,3.349485565917105,0.15985225469597164,0.13905268907546997,0.3416796264230193,35,0.1941497457079327
166,timeout,max_steps,700,2.6607481696948696,0.24859726028275558,0.13924700021743774,0.40047054684571215,58,0.32141913462855015
167,timeout,max_steps,700,2.8177612611138616,0.43005095764935714,0.11999999731779099,0.5045590777012254,65,0.36015331649888127
168,collision,dynamic_dist_0.36,219,2.7563223400034533,0.4504216220288668,0.13718238472938538,0.3578498278632214,68,0.3767536626545008
169,timeout,max_steps,700,2.3174088226519114,0.026691065767970604,0.13739098608493805,0.4374516637196465,79,0.4376216201846238
170,timeout,max_steps,700,3.1829189567288947,0.558768519104306,0.13509437441825867,1.8110999646773676,29,0.16094899925983838
171,timeout,max_steps,700,3.5708919637659253,0.32243441766062586,0.13633942604064941,0.4704842996086612,27,0.14988210687759618
172,timeout,max_steps,700,2.918387040720322,0.020479996345453916,0.14107662439346313,2.228376268351108,51,0.28268499046617795
173,collision,dynamic_dist_0.34,264,3.216755028214549,0.0697096204274928,0.13458721339702606,0.3424756353279604,35,0.1941497457079327
174,collision,dynamic_dist_0.36,294,2.9215794683347727,0.27833216365752456,0.11999999731779099,0.3574698655866907,46,0.25501770520843875
175,collision,dynamic_dist_0.36,37,3.5121174398021955,0.05784384208222112,0.1417505145072937,0.3594655385145626,25,0.13881520724591048
176,timeout,max_steps,700,2.6102409192021665,0.05495310203188901,0.13419730961322784,1.0158875196631985,63,0.3490863841664326
177,collision,dynamic_dist_0.36,507,2.748936690778024,0.17924339135899695,0.11999999731779099,0.35631401025443343,62,0.34355297382816374
178,collision,dynamic_dist_0.36,276,3.277019050511519,0.39784502906657043,0.13745266199111938,0.35750577986201343,27,0.14988210687759618
179,timeout,max_steps,700,2.5789445989399615,0.32238470107561973,0.13522696495056152,0.7603043373416873,75,0.4154878444165696
180,collision,dynamic_dist_0.36,238,3.2038568776260528,0.6507853535141424,0.12815098464488983,0.35985416928530645,27,0.14988210687759618
181,collision,dynamic_dist_0.35,288,3.2100084432169633,0.4105085745465263,0.13638494908809662,0.34810811916084733,30,0.16648247652466444
182,timeout,max_steps,700,2.866042559905904,0.7650112952809988,0.1354919672012329,0.40244900976531195,76,0.42102127744824946
183,collision,dynamic_dist_0.33,338,3.029452418666816,0.45765880499474526,0.13350777328014374,0.3331899208042913,35,0.1941497457079327
184,collision,dynamic_dist_0.35,418,3.0790761572695478,0.038486101903162644,0.13463109731674194,0.3527954787402764,45,0.24948424177810863
185,collision,dynamic_dist_0.36,208,2.4969878149621905,0.3281538176759224,0.13200803101062775,0.3595051674155676,80,0.4431550749069581
186,collision,dynamic_dist_0.34,112,3.0108229690726835,0.21363401239450466,0.13254563510417938,0.3448621917392829,40,0.221817014237972
187,collision,dynamic_dist_0.36,434,2.9034114039340873,0.4719760263426687,0.14105138182640076,0.35722698097576566,39,0.21628353335819409
188,timeout,max_steps,700,2.7709329296024787,0.9721112564426675,0.11999999731779099,0.5617755174237847,94,0.5206234149066559
189,collision,dynamic_dist_0.35,422,3.476569414194943,0.3092434348613692,0.1374426633119583,0.35342317225662523,32,0.17754936344232986
190,timeout,max_steps,700,2.58938944097359,0.1358360424341708,0.11999999731779099,0.6252334087349377,63,0.3490863841664326
191,collision,dynamic_dist_0.36,560,2.441591123528454,0.33308223318898894,0.13133041560649872,0.35833118730131985,84,0.46528889096394155
192,collision,dynamic_dist_0.35,269,3.1400427324634808,0.08699903790915163,0.11999999731779099,0.3495680499066759,44,0.24395080276215284
193,timeout,max_steps,700,3.034752224905418,0.2278380252386548,0.13859489560127258,0.41817519166371736,50,0.2771515408148179
194,timeout,max_steps,700,2.0024235102883217,0.17745420128667544,0.1318422108888626,0.5715393635771026,88,0.487422721387493
195,collision,dynamic_dist_0.35,192,3.255771467184071,0.2715929891830026,0.12954913079738617,0.35186499669409366,44,0.24395080276215284
196,timeout,max_steps,700,2.37139685711176,0.24678249527538623,0.14108148217201233,0.6191412225371002,84,0.46528889096394155
197,collision,dynamic_dist_0.36,483,3.290557219016915,0.20494853843978442,0.11999999731779099,0.3560993664415758,41,0.22735046651130075
198,collision,dynamic_dist_0.34,376,3.2902159148680297,0.20300362978114397,0.1269582360982895,0.33933618820134426,41,0.22735046651130075
199,timeout,max_steps,700,2.476080790954456,0.2039567613716189,0.12163111567497253,0.7063730772851827,76,0.42102127744824946
200,timeout,max_steps,700,2.240118845282016,0.1673923980951504,0.11999999731779099,0.43572800726840955,89,0.4929561732496746
201,collision,dynamic_dist_0.36,156,3.164265084688721,0.08720855064398478,0.1394098550081253,0.35938569764034806,43,0.23841735417368812
202,timeout,max_steps,700,2.9656167436291696,0.3615810266568605,0.11999999731779099,0.3980102821535089,53,0.29375186208607906
203,collision,dynamic_dist_0.36,477,3.108474777761586,0.16619993408592962,0.11999999731779099,0.3585638141002567,47,0.2605511680826828
204,collision,dynamic_dist_0.36,64,2.8794603573405424,0.3424449726375944,0.12672516703605652,0.35794723355286623,46,0.25501770520843875
205,collision,dynamic_dist_0.35,69,2.971434807752591,0.48989904808967155,0.13588948547840118,0.3518206315096762,38,0.21075008395142072
206,collision,dynamic_dist_0.36,248,3.347705650271509,0.22562715653890744,0.13661399483680725,0.3591896028713241,36,0.19968318341382718
207,collision,dynamic_dist_0.35,618,2.403063447216035,0.3419037668025174,0.1352427750825882,0.35469107023033797,87,0.4818892715765376
208,timeout,max_steps,700,3.121510821739944,0.6321830420736563,0.13232453167438507,0.37762696408799973,31,0.17201593876262222
209,collision,dynamic_dist_0.36,285,2.830798547584582,0.17685807344239493,0.131477490067482,0.35836957172796313,55,0.30481876975254646
210,timeout,max_steps,700,2.2075006420752343,0.0065342646006710334,0.12707699835300446,0.49823703493389715,84,0.46528889096394155
211,timeout,max_steps,700,2.6060900562195117,0.04150185639970773,0.13335217535495758,0.38804351616167404,65,0.36015331649888127
212,collision,dynamic_dist_0.34,116,3.2672971803767736,0.12497489881999435,0.1360732913017273,0.3361868418955276,37,0.20521664351778565
213,collision,dynamic_dist_0.36,236,2.5943792825011642,0.26480667230314886,0.13109400868415833,0.3591029951092308,72,0.39888748184882916
214,collision,dynamic_dist_0.36,108,3.0697622920518666,0.4784209028420186,0.13436448574066162,0.35610390627241284,33,0.18308283141350432
215,timeout,max_steps,700,2.8127269558092087,0.5175264505390497,0.11999999731779099,0.5763994663116294,67,0.37122019302316217
216,collision,dynamic_dist_0.36,147,3.3553054348140448,0.1974456923964883,0.12529020011425018,0.3582921389233112,36,0.19968318341382718
217,timeout,max_steps,700,2.087538556074322,0.08490969444738992,0.11999999731779099,0.38417671368234624,94,0.5206234149066559
218,timeout,max_steps,700,3.2151705030428244,0.5497306634922576,0.13672490417957306,2.251705935909061,28,0.1554155912061265
219,collision,dynamic_dist_0.36,153,3.336374689920617,0.24469637423789295,0.14452017843723297,0.35650499394255314,37,0.20521664351778565
220,collision,dynamic_dist_0.34,33,3.505435173012339,0.09824068269713956,0.13555006682872772,0.3402250308107125,26,0.14434867926311765
221,collision,dynamic_dist_0.35,331,3.154447536237555,0.16650169220592145,0.1400778442621231,0.34700861979394515,45,0.24948424177810863
222,timeout,max_steps,700,3.5266312691466077,0.6084188513488009,0.13627956807613373,0.5257809469475709,43,0.23841735417368812
223,collision,dynamic_dist_0.36,443,3.191610272964584,0.13331093734758925,0.11999999731779099,0.3568529057345448,43,0.23841735417368812
224,collision,dynamic_dist_0.35,40,3.3957225193810894,0.1134776118237142,0.13416685163974762,0.35454857356306396,26,0.14434867926311765
225,collision,dynamic_dist_0.36,312,3.113818349406489,0.06697893168448589,0.133529931306839,0.35526467847556586,44,0.24395080276215284
226,timeout,max_steps,700,2.702520053801303,0.04577454568639698,0.134826198220253,0.5198004107910619,60,0.3324860643253613
227,timeout,max_steps,700,2.1280267798554653,0.23107097350191938,0.14266382157802582,0.5388924912457254,96,0.5316903159795783
228,collision,dynamic_dist_0.35,106,2.87829101412281,0.1324037455817286,0.13542304933071136,0.35237334272792636,51,0.28268499046617795
229,collision,dynamic_dist_0.36,40,3.392072003409532,0.17857214454118675,0.13026390969753265,0.3576691886665978,33,0.18308283141350432
230,timeout,max_steps,700,2.162803444278858,0.08844543336035036,0.11999999731779099,0.6598164932915916,90,0.4984896215682283
231,timeout,max_steps,700,1.6158693966397601,0.1798246337616305,0.14006835222244263,0.4569463908985113,111,0.614692095914586
232,collision,dynamic_dist_0.33,76,3.2667613270451934,0.11747137370618767,0.13233204185962677,0.32668234617723463,37,0.20521664351778565
233,timeout,max_steps,700,2.534426409028047,0.6653152656129535,0.1349182277917862,0.36319663163180754,93,0.5150899627816493
234,success,goal_reached,606,0.29901049312998285,0.11752757323206878,0.11999999731779099,0.9145180962852729,169,0.9356323416602522
235,timeout,max_steps,700,1.516176653507784,0.1664784679885759,0.13573624193668365,0.4131539525171568,115,0.6368259169221935
236,timeout,max_steps,700,2.7432872480820563,0.6702278756662873,0.14001381397247314,0.9641277294036144,80,0.4431550749069581
237,collision,dynamic_dist_0.35,101,2.6434548924051007,0.34054250674304415,0.1402297019958496,0.346575565133393,71,0.393354023535685
238,collision,dynamic_dist_0.34,170,2.682745606516718,0.3010532195416428,0.13856515288352966,0.3405028620205231,68,0.3767536626545008
239,collision,dynamic_dist_0.35,46,3.446280335986678,0.1464181766091194,0.1405029594898224,0.3538404021369744,29,0.16094899925983838
240,collision,dynamic_dist_0.36,227,2.379943921604751,0.2474641671970679,0.13281400501728058,0.35867631628072605,84,0.46528889096394155
241,off_path,cte_1.26,488,3.1998840425803876,1.2570506121786276,0.11999999731779099,0.4350396081237418,85,0.47082233678114727
242,timeout,max_steps,700,2.13745307261055,0.11256995478024849,0.13574612140655518,0.6674254388522473,84,0.46528889096394155
243,collision,dynamic_dist_0.34,89,3.29678915033653,0.18249773490375584,0.1296171247959137,0.33926499460580484,37,0.20521664351778565
244,timeout,max_steps,700,1.213072077807337,0.1890882243608141,0.11999999731779099,0.4985574499074309,131,0.7253611315388241
245,timeout,max_steps,700,1.7401377224298373,0.31144458605484737,0.1389886736869812,0.961444870929718,110,0.6091586465788736
246,collision,dynamic_dist_0.36,118,3.2846886434395657,0.23300486462833378,0.13572163879871368,0.35784133855014727,42,0.23288391895726931
247,collision,dynamic_dist_0.36,53,3.2526525216104116,0.19277710045196672,0.13768725097179413,0.3598541794854972,42,0.23288391895726931
248,timeout,max_steps,700,2.9760348431069676,0.26951624538322183,0.11999999731779099,0.7829551395715384,41,0.22735046651130075
249,collision,dynamic_dist_0.35,383,2.552636570735862,0.5679509587841048,0.12783339619636536,0.3476677523086205,89,0.4929561732496746
250,collision,dynamic_dist_0.33,37,3.4804131176879864,0.07972861618007444,0.124944768846035,0.3319602537743076,26,0.14434867926311765
251,collision,dynamic_dist_0.36,95,2.65692982559475,0.34892084304999904,0.13894131779670715,0.3596637145446865,71,0.393354023535685
252,collision,dynamic_dist_0.36,121,2.634881341998176,0.35278236298414045,0.14095070958137512,0.35568893742606933,72,0.39888748184882916
253,collision,dynamic_dist_0.35,64,3.117866092847679,0.07688957378487345,0.13691700994968414,0.35429855394844667,39,0.21628353335819409
254,collision,dynamic_dist_0.35,34,3.484323819247085,0.11937822179824255,0.13676093518733978,0.35045220202073524,27,0.14988210687759618
255,timeout,max_steps,700,1.8897534693184674,0.1795787260580298,0.1339307427406311,0.5352167355563875,102,0.5648910376930367
256,timeout,max_steps,700,1.9311087243841274,0.01174972084160345,0.1326644867658615,0.7510164692501282,98,0.5427572353766716
257,timeout,max_steps,700,1.4395453609530942,0.6653538497786631,0.11999999731779099,0.3773925554481427,137,0.7585618689939021
258,collision,dynamic_dist_0.35,234,2.399832275496423,0.1914907701487179,0.127708300948143,0.3467788893234812,80,0.4431550749069581
259,timeout,max_steps,700,1.3854679515681398,0.019657100815718004,0.11999999731779099,0.7259533146164427,121,0.6700266322243261
260,collision,stuck_blocked,270,1.4729957246980991,0.16604460582086678,0.11999999731779099,0.5209798159253682,117,0.6478928128250578
261,timeout,max_steps,700,0.8957811020460499,0.5261411156838202,0.13873477280139923,0.8495703256119256,159,0.8802978240074825
262,timeout,max_steps,700,2.1414935931088412,0.013175189475390887,0.13702021539211273,0.5437410042564624,88,0.487422721387493
263,success,goal_reached,649,0.2989413881780472,0.02461099042180493,0.14034026861190796,0.8534882663503904,168,0.9300988835070252
264,collision,stuck_blocked,614,1.426444925231688,0.17640382771591845,0.11999999731779099,1.1805242243054772,120,0.6644931779033151
265,collision,stuck_blocked,286,1.3794637680795059,0.36160143831111846,0.11999999731779099,0.45449629178790707,127,0.7032273254676167
266,success,goal_reached,361,0.2871056875503306,0.14086654123474784,0.12478815019130707,0.4922646160258568,171,0.9466992461728638
267,timeout,max_steps,700,1.2569664880227007,0.05882244660673305,0.11999999731779099,1.477182794696836,128,0.7087607877421718
268,collision,dynamic_dist_0.35,172,2.3598464863785584,0.3561013873370776,0.13398292660713196,0.34962588122083027,90,0.4984896215682283
269,collision,dynamic_dist_0.35,42,3.217615070944041,0.18203057539505055,0.13034282624721527,0.3505007617504372,33,0.18308283141350432
270,collision,dynamic_dist_0.36,36,3.4743123314370368,0.06530200939806013,0.13570190966129303,0.3559414607685859,26,0.14434867926311765
271,collision,dynamic_dist_0.36,104,2.5603912056591094,0.2714210339408014,0.13408632576465607,0.35754279748549284,74,0.40995437687075315
272,timeout,max_steps,700,1.3743581914602707,0.04919273147094458,0.14093050360679626,0.8836172493569614,121,0.6700266322243261
273,timeout,max_steps,700,1.0017127858240218,0.2390358727311618,0.11999999731779099,1.4422442436671605,147,0.8138963758832394
274,success,goal_reached,689,0.27610480451407754,0.09981871186925137,0.11999999731779099,0.4527020778358544,171,0.9466992461728638
275,success,goal_reached,343,0.2911036510755127,0.08244584016468777,0.11999999731779099,2.112000675957162,169,0.9356323416602522
276,collision,dynamic_dist_0.34,139,3.5132776660405844,0.30808356552652366,0.11999999731779099,0.3367002064768369,32,0.17754936344232986
277,collision,dynamic_dist_0.35,300,3.081090236898394,0.22665157759920032,0.14326581358909607,0.34847980412426016,38,0.21075008395142072
278,collision,dynamic_dist_0.35,33,3.510436769393323,0.10657901971437392,0.1335487961769104,0.3476328690666477,26,0.14434867926311765
279,timeout,max_steps,700,1.4607710060736028,0.1701634345633598,0.11999999731779099,0.454961860985642,118,0.6534262841691006
280,success,goal_reached,384,0.29952028244641776,0.1591187623246036,0.11999999731779099,1.4405766571469159,171,0.9466992461728638
281,collision,dynamic_dist_0.36,65,3.3459776822596545,0.1882605204217812,0.13804106414318085,0.3559596719102963,36,0.19968318341382718
282,timeout,max_steps,700,0.9763747052161336,0.10109019111003363,0.11999999731779099,0.4103279524803363,141,0.7806956731520844
283,success,goal_reached,354,0.2989840969718606,0.14657645167159916,0.13960184156894684,2.8167751787017727,171,0.9466992461728638
284,collision,stuck_blocked,325,1.609082698418147,0.2779622511191315,0.11999999731779099,0.5980041784069379,111,0.614692095914586
285,collision,stuck_blocked,272,1.4813701505408559,0.5697431230979614,0.11999999731779099,0.6939534414666289,130,0.7198276918110493
286,timeout,max_steps,700,1.329689392955513,0.2535903734311347,0.11999999731779099,0.48710350273645076,127,0.7032273254676167
287,collision,stuck_blocked,208,1.5668666347574747,0.19703338215108862,0.11999999731779099,0.6071605399568388,113,0.6257590124966231
288,success,goal_reached,336,0.2975869816228894,0.12939356616633493,0.12788741290569305,0.9086881743517936,170,0.9411657697444598
289,timeout,max_steps,700,1.111347131082722,0.12939298877257968,0.11999999731779099,0.6366592081584382,130,0.7198276918110493
290,timeout,max_steps,700,1.753376790887574,0.6879999871637226,0.1304735690355301,0.6591254199902589,128,0.7087607877421718
291,success,goal_reached,523,0.2827396728694105,0.11961788140156977,0.11999999731779099,0.8949459652756829,171,0.9466992461728638
292,collision,dynamic_dist_0.35,107,3.264842010957166,0.1672111627630306,0.13970670104026794,0.3508746983512247,41,0.22735046651130075
293,collision,stuck_blocked,572,1.494736573654486,0.2620111378235348,0.11999999731779099,0.453809239979835,117,0.6478928128250578
294,collision,stuck_blocked,243,1.9288148661327935,0.4422955724947889,0.11999999731779099,2.7423886339388197,84,0.46528889096394155
295,collision,stuck_blocked,376,1.5206407067183563,0.19265518105730053,0.11999999731779099,1.1845021911527205,115,0.6368259169221935
296,collision,dynamic_dist_0.34,36,3.4941697286491777,0.08167338416612695,0.14179390668869019,0.3393579513381283,26,0.14434867926311765
297,success,goal_reached,334,0.29351745709524524,0.06753450288273781,0.13805489242076874,0.5034207136756084,169,0.9356323416602522
298,timeout,max_steps,700,0.6090749558535621,0.15366676401241505,0.11999999731779099,0.4550723983036639,153,0.8470971137354115
299,success,goal_reached,651,0.27867558561978095,0.08641950401427816,0.11999999731779099,1.7080417477016925,170,0.9411657697444598
300,collision,stuck_blocked,282,1.5298540178140738,0.23343439068217658,0.11999999731779099,0.7049841646587582,115,0.6368259169221935
301,collision,stuck_blocked,301,1.2196072819192891,0.056693452545178484,0.11999999731779099,0.84843131569162,128,0.7087607877421718
302,success,goal_reached,668,0.2940289614520906,0.01225208115682144,0.11999999731779099,2.256511710269484,169,0.9356323416602522
303,collision,dynamic_dist_0.36,143,2.6270694983997345,0.44606252163949595,0.1392364799976349,0.355691884497403,77,0.42655471398411104
304,collision,dynamic_dist_0.32,36,3.4857919086125406,0.08045898092905865,0.1400490552186966,0.3230005995558492,26,0.14434867926311765
305,timeout,max_steps,700,0.9276602189397388,0.5001587673623517,0.12465700507164001,0.5195301006760038,157,0.8692309328785504
306,collision,stuck_blocked,446,1.0654667037569414,0.0758303543321103,0.11999999731779099,2.9953722373850815,136,0.7530284021840175
307,success,goal_reached,557,0.28558235577664737,0.1017083651349966,0.14164619147777557,0.3867253254452582,170,0.9411657697444598
308,collision,dynamic_dist_0.36,206,3.121305700547521,0.2210649860566268,0.1375301629304886,0.35699718366676825,50,0.2771515408148179
309,timeout,max_steps,700,0.8414707286285557,0.149947635902341,0.11999999731779099,0.46528921855093724,144,0.7972960248705047
310,collision,dynamic_dist_0.35,135,2.4660362072917126,0.2049818986824872,0.14119769632816315,0.35211434236634664,77,0.42655471398411104
311,timeout,max_steps,700,0.9686981863065143,0.422256564146533,0.11999999731779099,0.5220223882767162,151,0.8360301979237617
312,collision,dynamic_dist_0.36,52,3.1716839624163136,0.05782562331877171,0.13480381667613983,0.3565676847523374,41,0.22735046651130075
313,success,goal_reached,587,0.2912369651250166,0.09162404321712314,0.14289382100105286,0.7076138238580588,169,0.9356323416602522
314,success,goal_reached,323,0.29817853278860934,0.026022601511727673,0.1225142627954483,0.6546623633294494,169,0.9356323416602522
315,success,goal_reached,666,0.2987628632135305,0.09521487803245857,0.13839519023895264,0.802912001755219,169,0.9356323416602522
316,success,goal_reached,670,0.2972476604397238,0.15719273895004382,0.13594308495521545,1.0427061358070484,171,0.9466992461728638
317,collision,stuck_blocked,490,1.1660233829837168,0.42111268029409726,0.11999999731779099,1.7251064401152285,142,0.7862291352166376
318,success,goal_reached,336,0.2839220562078481,0.11436644829813072,0.1346418559551239,0.6913614636048956,171,0.9466992461728638
319,success,goal_reached,481,0.2955255518038608,0.16646496332645508,0.12562476098537445,0.5968376028230935,171,0.9466992461728638
320,timeout,max_steps,700,1.6331486994857358,0.6458978477011108,0.11999999731779099,1.5473426769268497,121,0.6700266322243261
321,collision,dynamic_dist_0.35,110,2.778448090287546,0.49552885969326194,0.1345205456018448,0.3535526993891869,69,0.3822871116545959
322,collision,dynamic_dist_0.36,92,2.7676853170886924,0.3224808377851907,0.1402277648448944,0.3575353546828546,64,0.35461985897678766
323,collision,dynamic_dist_0.34,39,3.406086130435687,0.048966351696858756,0.1342107057571411,0.33698539662798166,29,0.16094899925983838
324,collision,dynamic_dist_0.36,102,2.6383958044416027,0.2400840098947769,0.13305096328258514,0.35985191364973634,68,0.3767536626545008
325,success,goal_reached,408,0.28429221863036397,0.08662052767777731,0.13624536991119385,0.8434049837667811,169,0.9356323416602522
326,collision,stuck_blocked,531,0.98335493496393,0.6664786227159137,0.11999999731779099,2.8026857880526035,163,0.9024315960667308
327,timeout,max_steps,700,0.5354497113817756,0.012086032558456212,0.11999999731779099,0.5124782264192801,158,0.8747643601726794
328,collision,stuck_blocked,288,0.9157961601574598,0.05586850032914811,0.11999999731779099,2.2631834454053226,140,0.7751622169513611
329,timeout,max_steps,700,2.251610238475734,0.8789796583555984,0.11999999731779099,0.5296790546881239,120,0.6644931779033151
330,collision,dynamic_dist_0.35,250,2.882968752603919,0.30000476038485446,0.11999999731779099,0.35411473126394055,48,0.26608463821180883
331,collision,dynamic_dist_0.36,35,3.5044140096882623,0.08912704462105114,0.14096705615520477,0.3554184411150103,26,0.14434867926311765
332,success,goal_reached,544,0.2963717260737725,0.23993085554654853,0.11999999731779099,0.4718533591073067,172,0.9522326872330041
333,success,goal_reached,697,0.29035779482383234,0.006247881574530819,0.1374012678861618,1.9055473025998428,169,0.9356323416602522
334,success,goal_reached,458,0.2899825900926833,0.1505367594359657,0.11999999731779099,0.677443279158187,170,0.9411657697444598
335,success,goal_reached,309,0.2974867052365878,0.09132377832986782,0.1342969536781311,1.821326938557394,169,0.9356323416602522
336,timeout,max_steps,700,0.8352645279886081,0.30360496261727693,0.11999999731779099,1.8362758439674296,152,0.8415636506079153
337,success,goal_reached,667,0.29569711440369434,0.01592226677662579,0.12663646042346954,0.4516390074475526,169,0.9356323416602522
338,success,goal_reached,336,0.2980363058097648,0.056549674158767216,0.13289816677570343,1.7674900128197988,169,0.9356323416602522
339,success,goal_reached,309,0.29846086936987914,0.1163062855428138,0.11999999731779099,0.8723048985167078,170,0.9411657697444598
340,collision,stuck_blocked,296,0.919008352995476,0.059266113556769584,0.11999999731779099,0.8343052607467555,140,0.7751622169513611
341,success,goal_reached,382,0.29813541495229273,0.012959004037704334,0.13749903440475464,0.5065609565928715,168,0.9300988835070252
342,success,goal_reached,316,0.2993089610951621,0.03232957299531628,0.11999999731779099,1.6167845842782849,169,0.9356323416602522
343,success,goal_reached,329,0.2968672495810383,0.0692580809723602,0.13105645775794983,0.7661168871367906,169,0.9356323416602522
344,success,goal_reached,558,0.29853415880896006,0.10826252528665022,0.11999999731779099,1.4594136497898695,169,0.9356323416602522
345,success,goal_reached,309,0.27497433118498926,0.04650659993370813,0.14268483221530914,0.43178988139959235,170,0.9411657697444598
346,collision,stuck_blocked,443,0.8903987457844432,0.7907373596020572,0.11999999731779099,0.37663678506785964,166,0.919031993860912
347,collision,stuck_blocked,238,1.3217502131993317,0.09714712431524923,0.11999999731779099,2.776068766252899,123,0.6810935272371558
348,success,goal_reached,425,0.29893351351498815,0.01850932092657598,0.1364613026380539,1.7228975854652098,168,0.9300988835070252
349,success,goal_reached,426,0.29543533809274963,0.030576555660246377,0.11999999731779099,0.44332015347565107,169,0.9356323416602522
350,success,goal_reached,638,0.29947864424357307,0.2281152737022429,0.11999999731779099,0.9847412901323254,171,0.9466992461728638
351,timeout,max_steps,700,0.45305925490734994,0.06968333920809565,0.13552094995975494,1.8609839397686765,160,0.8858312671924498
352,collision,stuck_blocked,469,0.4537798274600491,0.18068264585127078,0.11999999731779099,0.4533740777750649,159,0.8802978240074825
353,success,goal_reached,430,0.29976623927667,0.10704501452695804,0.11999999731779099,2.8000183242295167,169,0.9356323416602522
354,success,goal_reached,308,0.2769932305147751,0.10122898867681372,0.12305626273155212,1.3502259024324261,171,0.9466992461728638
355,success,goal_reached,424,0.296852277771308,0.041914519654974024,0.14156387746334076,0.5942185619695067,169,0.9356323416602522
356,success,goal_reached,396,0.28747332005774207,0.041212820136084384,0.1375587433576584,1.36960167372493,169,0.9356323416602522
357,success,goal_reached,301,0.296320261334433,0.017112100158368046,0.13583256304264069,2.967946356323073,169,0.9356323416602522
358,success,goal_reached,672,0.2985043548217653,0.1282314335306147,0.1414933204650879,0.6005612181986425,170,0.9411657697444598
359,success,goal_reached,331,0.29961724467732925,0.06741451233777708,0.133127361536026,0.48984374026026145,169,0.9356323416602522
360,success,goal_reached,286,0.29916800273114974,0.09459663950737544,0.13257423043251038,2.9667251203137353,169,0.9356323416602522
361,timeout,max_steps,700,0.3446802494452841,0.15251101321981667,0.11999999731779099,0.903376044941668,168,0.9300988835070252
362,collision,dynamic_dist_0.34,94,2.7191561796802604,0.43129495891434716,0.1336551010608673,0.34297363741471476,70,0.38782057879297055
363,collision,dynamic_dist_0.36,85,2.7790830554553034,0.13619116897927264,0.13773594796657562,0.35908271790247154,60,0.3324860643253613
364,success,goal_reached,306,0.2976947289464107,0.015930927940429888,0.13481676578521729,0.4128420421527039,168,0.9300988835070252
365,success,goal_reached,314,0.29455319037831373,0.034919621649695455,0.14000838994979858,2.0338956449129935,169,0.9356323416602522
366,timeout,max_steps,700,1.2316251739888149,0.4664405608679173,0.11999999731779099,0.4489696040475925,146,0.8083628969424294
367,success,goal_reached,562,0.2953472102703338,0.03279791474925024,0.14469337463378906,0.4431847072250625,169,0.9356323416602522
368,collision,dynamic_dist_0.35,99,2.6048022189555575,0.21981365906734576,0.13285398483276367,0.35437299600826927,70,0.38782057879297055
369,success,goal_reached,312,0.27681935785168693,0.008349224735786696,0.1396302580833435,0.6599590489025612,169,0.9356323416602522
370,success,goal_reached,604,0.2961988942429871,0.08955129687827787,0.11999999731779099,1.9399218551164863,169,0.9356323416602522
371,success,goal_reached,511,0.29947692663551234,0.05622343286572784,0.13992398977279663,0.39401292385874914,169,0.9356323416602522
372,collision,stuck_blocked,477,0.7967331067810858,0.1501024473683995,0.11999999731779099,0.9515838302547036,150,0.8304967189202653
373,success,goal_reached,469,0.29642018361959027,0.1078695100720999,0.13859616219997406,1.7089287166197333,170,0.9411657697444598
374,success,goal_reached,580,0.27888478892390717,0.01289583049097434,0.13209548592567444,0.5103603993009824,169,0.9356323416602522
375,timeout,max_steps,700,0.3477149752461547,0.11264312991679488,0.11999999731779099,2.4976801475121153,167,0.9245654109251068
376,success,goal_reached,422,0.2879183482069611,0.04488732439807852,0.1409408003091812,0.48538613732350266,169,0.9356323416602522
377,success,goal_reached,466,0.2979962695548579,0.15392970637193382,0.11999999731779099,0.5184505190942533,171,0.9466992461728638
378,success,goal_reached,358,0.299467019408608,0.04564299901715897,0.13617326319217682,3.0190347538479614,169,0.9356323416602522
379,success,goal_reached,615,0.29670487739677104,0.02041810777750959,0.13291090726852417,1.8827599842187182,169,0.9356323416602522
380,collision,dynamic_dist_0.34,59,3.09647103645102,0.11197838744898332,0.13345247507095337,0.3405222150623416,39,0.21628353335819409
381,timeout,max_steps,700,0.758206040970603,0.20008583833390328,0.11999999731779099,0.3789366688761753,147,0.8138963758832394
382,success,goal_reached,436,0.2873016300219759,0.08043445785853416,0.11999999731779099,1.0554689994317024,169,0.9356323416602522
383,timeout,max_steps,700,0.4018812761926882,0.11042265669899158,0.11999999731779099,0.3871330741783709,162,0.8968981771251464
384,success,goal_reached,389,0.2777666440648367,0.007401293844197123,0.1424868404865265,2.5053039690138545,169,0.9356323416602522
385,success,goal_reached,379,0.27815248368003226,0.03904519856787874,0.13681229948997498,0.6791794255021772,169,0.9356323416602522
